<!-- 
General mandatory:
    name="<string>"
    ui="InputField" | "Dropdown" | "Toggle" | "Slider" | "Button"
    defaultvalue="<string>"

General optional: 
    interactable (default: true)
    textcolor="<string>" (color name like "yellow")
    argument="<string>"  (option like "-option")
    parent="ParamUI name" : Set the UIElement gameobject parent other than default Category UI

InputField mandatory:
    type="int" | "float" | "string" (for now)

Dropdown mandatory: 
    options="*.<ext>" (to search for files with specific extension in working directory and use them as options)
    options="option1,option2" (list of options separated by , like "OmpA,Maltoporin,MsCl,Bacteriorhodopsin")

Slider mandatory: 
    minvalue="<float>"
    maxvalue="<float>"
    defaultvalue="<float>"

Button optional:
    defaultvalue="<string>" : text inside button

<ParamUI name="name" defaultvalue="val" ui="InputField" type="string" /> 
-->


<DataType name="BioSpringTools" tag="Untagged">
    <Category name="General">
        <ParamUI name="WorkDir" ui="ButtonInputField" defaultvalue="Enter working directory path..."  type="string"/> 
        <ParamUI name="ScreenshotDir" ui="ButtonInputField" defaultvalue="Enter screenshot directory path..."  type="string"/> 
        <ParamUI name="Selection k neighbors" interactable="true" type="int" ui="InputField" defaultvalue="0"/>
    </Category>
    <Category name="SaveToPDB">
        <ParamUI name="StructureSelection" ui="Dropdown" defaultvalue="" options=""/>
        <ParamUI name="OutPDBFilename" ui="InputField" defaultvalue="out_tmp.pdb" type="string"/>
        <ParamUI name="SaveToPDBButton" ui="Button" defaultvalue="SaveToPDB" type="string"/>
    </Category>
    <Category name="PDB2SPN">
        <ParamUI name="Path" ui="ButtonInputField" defaultvalue="Enter pdb2spn path..."  type="string"/> 
        <ParamUI name="Input PDB" interactable="true" type="string" ui="Dropdown" defaultvalue="" options="*.pdb" argument="-s"/>
        <ParamUI name="Output CDL" interactable="true" type="string" ui="InputField" defaultvalue="model_tmp.cdl" argument="-o"/>
        <ParamUI name="Output NC" interactable="true" type="string" ui="InputField" defaultvalue="model_tmp.nc" argument="-o"/>
        <ParamUI name="Output PDB" interactable="true" type="string" ui="InputField" defaultvalue="out_tmp.pdb" argument="-o"/>
        <ParamUI name="Forcefield filename" interactable="true" type="string" ui="Dropdown" defaultvalue="" options="*.ff" argument="--ff"/>
        <ParamUI name="GRP filename" interactable="true" type="string" ui="Dropdown" defaultvalue="" options="*.grp" argument="--grp"/>
        <ParamUI name="Spring cutoff" interactable="true" type="float" ui="InputField" defaultvalue="9.0" argument="--cutoff"/>
        <ParamUI name="Spring stiffness" interactable="true" type="float" ui="InputField" defaultvalue="1.0" argument="--stiffness"/>
        <ParamUI name="Charge" interactable="true" type="float" ui="InputField" defaultvalue="" argument="--charge"/>
        <ParamUI name="Static" interactable="true" type="bool" ui="Toggle" defaultvalue="false" argument="--static"/>
        <ParamUI name="Run" interactable="true" type="bool" ui="Button" defaultvalue="Run"/>
    </Category>
    <Category name="Run BioSpring">
        <ParamUI name="Path" ui="ButtonInputField" defaultvalue="Enter molecular engine path..."  type="string"/>
        <ParamUI name="MSP Filename" interactable="true" type="string" ui="Dropdown" defaultvalue="" options="*.msp"/>
        <ParamUI name="NC Filename" interactable="true" type="string" ui="Dropdown" defaultvalue="" options="*.nc"/>
        <ParamUI name="GetCommand" interactable="true" type="bool" ui="Button" defaultvalue="Get command"/>
        <ParamUI name="Actions" interactable="true" ui="Empty_HorizontalLayoutGroup" defaultvalue=""/>
        <ParamUI name="Stop" interactable="true" type="bool" ui="Button" defaultvalue="Stop" parent="Actions"/>
        <ParamUI name="Pause" interactable="true" type="bool" ui="Button" defaultvalue="Pause" parent="Actions"/>
        <ParamUI name="Run" interactable="true" type="bool" ui="Button" defaultvalue="Run" parent="Actions"/>
    </Category>
    <Category name="Visualization">
        <ParamUI name="StericGrid" interactable="false" type="bool" ui="Toggle" defaultvalue="false" textcolor="yellow"/>
        <ParamUI name="ElectrostaticGrid" interactable="false" type="bool" ui="Toggle" defaultvalue="false" textcolor="green"/>
        <ParamUI name="ShowGrid" interactable="true" type="bool" ui="Button" defaultvalue="ShowGrid" />
        <ParamUI name="SetIMDRepresentation" interactable="true" type="bool" ui="Button" defaultvalue="Set IMD representation"/>
        <ParamUI name="ShowTransferEnergy" interactable="true" type="bool" ui="ButtonToggle" defaultvalue="x SASA(Å^2)"/>
        <ParamUI name="ShowSASA" interactable="true" type="int" ui="ToggleInputField" defaultvalue="every n iterations"/>
        <ParamUI name="ShowColorBar" interactable="true" type="bool" ui="Toggle" defaultvalue="false"/>
        <ParamUI name="ShowMembrane" interactable="true" type="bool" ui="Toggle" defaultvalue="false"/>
        <ParamUI name="ShowInsertionVector" interactable="true" type="string" ui="ToggleInputField" defaultvalue="res1 res2"/>
        <ParamUI name="InsertionVectorLengthScale" interactable="true" type="int" ui="Slider" defaultvalue="1.0" minvalue="0.0" maxvalue="10.0"/>
        <ParamUI name="MembraneScale" interactable="true" type="float" ui="Slider" defaultvalue="1.0" minvalue="1.0" maxvalue="200.0"/>
        <ParamUI name="DoubleMembraneOffset" interactable="true" type="float" ui="Slider" defaultvalue="0.0" minvalue="0.0" maxvalue="100.0"/>
        <ParamUI name="ShowComputedForces" interactable="true" type="bool" ui="Toggle" defaultvalue="false"/>
        <ParamUI name="ComputedForcesLineWidth" interactable="true" type="float" ui="Slider" defaultvalue="0.5" minvalue="0.0" maxvalue="5.0"/>
    </Category>
    <Category name="IMD Parameters">
        <ParamUI name="SendParameters" interactable="true" type="bool" ui="Button" defaultvalue="SendParameters" />
        <ParamUI name="HADDOCK" interactable="false" type="float" ui="Slider" defaultvalue="1.0" minvalue="0.0" maxvalue="100.0"/>
        <ParamUI name="SMD" interactable="false" type="float" ui="Slider" defaultvalue="1.0" minvalue="0.0" maxvalue="100.0"/>
        <ParamUI name="InputForces" interactable="true" type="float" ui="Slider" defaultvalue="1.0" minvalue="0.0" maxvalue="100.0"/>
        <ParamUI name="IMPALAScaling" interactable="true" type="float" ui="Slider" defaultvalue="1.0" minvalue="0.0" maxvalue="50.0"/>
        <ParamUI name="Viscosity" interactable="true" ui="InputField" defaultvalue="0.1" type="float"/>
        <ParamUI name="RandomShakeScaling" interactable="true" type="int" ui="Slider" defaultvalue="1.0" minvalue="0.0" maxvalue="100.0"/>
        <ParamUI name="InsertionDepthScaling" interactable="true" type="float" ui="Slider" defaultvalue="1.0" minvalue="0.0" maxvalue="2.0"/>
        <ParamUI name="InsertionAngleScaling" interactable="true" type="float" ui="Slider" defaultvalue="1.0" minvalue="0.0" maxvalue="2.0"/>
        <ParamUI name="MonteCarloTemp" interactable="true" type="float" ui="Slider" defaultvalue="298.15" minvalue="273.15" maxvalue="373.15"/>
        <ParamUI name="MonteCarloTrans" interactable="true" type="float" ui="Slider" defaultvalue="1.0" minvalue="0.0" maxvalue="10.0"/>
        <ParamUI name="MonteCarloRot" interactable="true" type="float" ui="Slider" defaultvalue="1.0" minvalue="0.0" maxvalue="10.0"/>
    </Category>
    <Category name="Mesh membrane">
        <ParamUI name="EnableMeshMembrane" interactable="true" type="bool" ui="Toggle" defaultvalue="false"/>
        <ParamUI name="Size" interactable="true" type="int" ui="InputField" defaultvalue="200"/>
        <ParamUI name="VertexOffset" interactable="true" type="int" ui="InputField" defaultvalue="6"/>
        <ParamUI name="ResetMesh" interactable="true" type="bool" ui="Button" defaultvalue="ResetMesh"/>
        <ParamUI name="ShowLayers" interactable="true" type="bool" ui="Toggle" defaultvalue="true"/>
        <ParamUI name="GlobalCurvature" interactable="true" type="float" ui="Slider" defaultvalue="0.0" minvalue="0.0" maxvalue="0.055"/>
        <ParamUI name="CurvatureSign" interactable="true" type="int" ui="InputField" defaultvalue="1"/>
        <ParamUI name="RadialCoord" interactable="true" type="float" ui="Slider" defaultvalue="0.0" minvalue="0.0" maxvalue="100.0"/>
        <ParamUI name="SendMesh" interactable="true" type="bool" ui="Button" defaultvalue="SendMesh"/>
    </Category>
    <Category name="Analyze">
        <ParamUI name="ImmersionDepths" interactable="true" type="bool" ui="Button" defaultvalue="ImmersionDepths"/>
        <ParamUI name="GraphSettings" interactable="true" type="string" ui="Dropdown" defaultvalue="default" options="OmpA,Maltoporin,MsCl,Bacteriorhodopsin"/>
        <ParamUI name="TCPConnectTest" interactable="true" type="bool" ui="Button" defaultvalue="TCPConnectTest" />
    </Category>

</DataType>