<DataType name="pdb2pqrParameters" tag="Untagged">
    <Category name="Positional">
        <ParamUI name="Input PDB" interactable="true" type="string" ui="Dropdown" defaultvalue="" options="*.pdb" argument="-pdb"/>
        <ParamUI name="Output PQR" interactable="true" type="string" ui="InputField" defaultvalue="model_tmp.pqr" argument="-pqr"/>
    </Category>
    <Category name="Optional">
        <ParamUI name="GRP file" interactable="true" type="string" ui="Dropdown" defaultvalue="" options="*.grp" argument="-grp"/>
        <ParamUI name="Forcefield file" interactable="true" type="string" ui="Dropdown" defaultvalue="" options="*.ff" argument="-ff"/>
        <ParamUI name="Enable probe" interactable="true" type="bool" ui="Toggle" defaultvalue="false"  argument="-enableprobe"/>
        <ParamUI name="No spring between chain" interactable="true" type="bool" ui="Toggle" defaultvalue="false" argument="-nospringbetweenchain"/>
    </Category>
</DataType>