<DataType name="MSPUI" tag="MSP">
    <Category name="GeneralSimulation">
        <ParamUI name="Timestep" interactable="true" type="float" ui="InputField" defaultvalue="0.01"/>
        <ParamUI name="Nbsteps" interactable="true" type="int" ui="InputField" defaultvalue="-1"/>
        <ParamUI name="SampleRate" interactable="true" type="int" ui="InputField" defaultvalue="100"/>
        <!-- Name of the pdb trajectory file -->
    </Category>
    <Category name="GeneralSimulation:Trajectory">
        <ParamUI name="PDBTrajFilename" interactable="true" type="string" ui="InputField" defaultvalue="" dependencies="PDBTrajFreq"/>
        <ParamUI name="PDBTrajFreq" interactable="true" type="int" ui="InputField" defaultvalue="100"/>

        <ParamUI name="xtcTrajFilename" interactable="true" type="string" ui="InputField" defaultvalue=""/>
        <ParamUI name="xtcTrajFreq" interactable="true" type="int" ui="InputField" defaultvalue="100"/>

        <ParamUI name="CSVSampleFilename" interactable="true" type="string" ui="InputField" defaultvalue="" dependencies="CSVSampleFreq"/>
        <ParamUI name="CSVSampleFreq" interactable="true" type="int" ui="InputField" defaultvalue="100"/>
    </Category>
    <Category name="SpringNetwork">
        <!-- *(boolean)* Enable spring forces. -->
        <ParamUI name="EnableSpring" interactable="true" type="bool" ui="Toggle" defaultvalue="false" dependencies="SpringScale"/>
        <!-- Factor applied on the spring forces -->
        <ParamUI name="SpringScale" interactable="true" type="float" ui="InputField" defaultvalue="1.0"/>
        <ParamUI name="EnableViscosity" interactable="true" type="bool" ui="Toggle" defaultvalue="false" dependencies="Viscosity"/>
        <ParamUI name="Viscosity" interactable="true" type="float" ui="InputField" defaultvalue="1.0"/>
        <ParamUI name="Selection" interactable="true" type="string" ui="InputField" defaultvalue=""/>
    </Category>
    <Category name="FF:Steric">
        <ParamUI name="EnableSteric" interactable="true" type="bool" ui="Toggle" defaultvalue="false" dependencies="Steric,StericScale,StericCutoff"/>
        <!-- Type of steric interaction Can be *disable, linear, lennard-jones-8-6Lewitt, lennard-jones-8-6Zacharias, lennard-jones-8-6Amber*-->
        <ParamUI name="Steric" interactable="true" type="string" ui="Dropdown" defaultvalue="disable" options="linear,lennard-jones-8-6Lewitt,lennard-jones-8-6Zacharias,lennard-jones-8-6Amber"/>
        <!-- Factor applied on steric forces -->
        <ParamUI name="StericScale" interactable="true" type="float" ui="InputField" defaultvalue="1.0"/>
        <!-- (Angstroms, float)* Cutoff distance for steric calculation -->
        <ParamUI name="StericCutoff" interactable="true" type="float" ui="InputField" defaultvalue="15.0"/>
    </Category>
    <Category name="FF:Electrostatic">
        <!-- *(filename)* Name of the APBS potential grid file in OpenDX format. -->
        <ParamUI name="PotentialGrid" interactable="true" type="string" ui="InputField" defaultvalue=""/>
        <ParamUI name="PotentialGridScale" interactable="true" type="float" ui="InputField" defaultvalue="1.0"/>

        <ParamUI name="EnableCoulomb" interactable="true" type="bool" ui="Toggle" defaultvalue="false" dependencies="CoulombCutoff,CoulombScale"/>
        <ParamUI name="CoulombCutoff" interactable="true" type="float" ui="InputField" defaultvalue="16.0"/>
        <ParamUI name="CoulombScale" interactable="true" type="float" ui="InputField" defaultvalue="1.0"/>
        <!-- *(float)* Dielectric constant used in Coulomb equation -->
        <ParamUI name="Dielectric" interactable="true" type="float" ui="InputField" defaultvalue="1.0"/>
    </Category>
    <Category name="FF:Density">
        <ParamUI name="DensityGrid" interactable="true" type="string" ui="InputField" defaultvalue=""/>
        <ParamUI name="GridScale" interactable="true" type="float" ui="InputField" defaultvalue="1.0"/>
    </Category>
    <Category name="FF:IMPALA">
        <ParamUI name="EnableImp" interactable="true" type="bool" ui="Toggle" defaultvalue="false" dependencies="ImpScale"/>
        <ParamUI name="ImpScale" interactable="true" type="float" ui="InputField" defaultvalue="1.0"/>
        <ParamUI name="EnableInsertionVector" interactable="true" type="bool" ui="Toggle" defaultvalue="false" dependencies="InsertionVector"/>
        <ParamUI name="InsertionVector" interactable="true" type="string" ui="InputField" defaultvalue=""/>
    </Category>
    <Category name="FF:Hydrophobic">
        <ParamUI name="EnableHydrophobicity" interactable="true" type="bool" ui="Toggle" defaultvalue="false" dependencies="HydrophobicCutoff,HydrophobicityScale"/>
        <ParamUI name="hydrophobicitycutoff" interactable="true" type="float" ui="InputField" defaultvalue="15.0"/>
        <ParamUI name="HydrophobicityScale" interactable="true" type="float" ui="InputField" defaultvalue="1.0"/>
    </Category>
    <Category name="FF:Probe">
        <ParamUI name="EnableProbe" interactable="true" type="bool" ui="Toggle" defaultvalue="false" dependencies="EnableProbeElectrostatic,EnableProbeSteric,ProbeRadius,ProbeCharge,ProbeMass,ProbeEpsilon,ProbeX,ProbeY,ProbeZ"/>
        <ParamUI name="EnableProbeElectrostatic" interactable="true" type="bool" ui="Toggle" defaultvalue="false"/>
        <ParamUI name="EnableProbeSteric" interactable="true" type="bool" ui="Toggle" defaultvalue="false"/>
        <ParamUI name="ProbeRadius" interactable="true" type="float" ui="InputField" defaultvalue="1.0"/>
        <ParamUI name="ProbeCharge" interactable="true" type="float" ui="InputField" defaultvalue="0.0"/>
        <ParamUI name="ProbeMass" interactable="true" type="float" ui="InputField" defaultvalue="1.0"/>
        <ParamUI name="ProbeEpsilon" interactable="true" type="float" ui="InputField" defaultvalue="1.0"/>
        <ParamUI name="ProbeX" interactable="true" type="float" ui="InputField" defaultvalue="1.0"/>
        <ParamUI name="ProbeY" interactable="true" type="float" ui="InputField" defaultvalue="1.0"/>
        <ParamUI name="ProbeZ" interactable="true" type="float" ui="InputField" defaultvalue="1.0"/>
        
    </Category>

    <Category name="AutomaticConstraints">
        <!-- *(boolean)* Enables constraint for this run -->
        <ParamUI name="EnableConstraint" interactable="true" type="bool" ui="Toggle" defaultvalue="false" dependencies="Constraint"/>
        <!-- *(string) "src,dest,module"
        src : The name of the first selection of atom
        dest : The name of the second selection of atom
        module : *(Da.A.fs-2, float)* Force module used for the constraint
        -->
        <ParamUI name="Constraint" interactable="true" type="string" ui="InputField" defaultvalue=""/>

    </Category>
</DataType>