<DataType name="pdb2cdlParameters" tag="Untagged">
    <Category name="Positional">
        <ParamUI name="Input PDB" interactable="true" type="string" ui="Dropdown" defaultvalue="" options="*.pdb" argument="-pdb"/>
        <ParamUI name="Output CDL" interactable="true" type="string" ui="InputField" defaultvalue="model_tmp.cdl" argument="-cdl"/>
    </Category>
    <Category name="Optional">
        <ParamUI name="GRP file" interactable="true" type="string" ui="Dropdown" defaultvalue="" options="*.grp" argument="-grp"/>
        <ParamUI name="Forcefield file" interactable="true" type="string" ui="Dropdown" defaultvalue="" options="*.ff" argument="-ff"/>
        <ParamUI name="Static PDB" interactable="true" type="string" ui="Dropdown" defaultvalue="" options="*.pdb" argument="-staticpdb"/>
        <ParamUI name="Static GRP" interactable="true" type="string" ui="Dropdown" defaultvalue="" options="*.grp" argument="-staticgrp"/>
        <ParamUI name="Static FF" interactable="true" type="string" ui="Dropdown" defaultvalue="" options="*.ff" argument="-staticff"/>
        <ParamUI name="No charge for static" interactable="true" type="bool" ui="Toggle" defaultvalue="false" argument="-nochargeforstatic"/>
        <ParamUI name="Spring cutoff" interactable="true" type="float" ui="InputField" defaultvalue="9.0" argument="-springcutoff"/>
        <ParamUI name="Spring stiffness" interactable="true" type="float" ui="InputField" defaultvalue="1.0" argument="-springstiffness"/>
        <ParamUI name="No spring between chain" interactable="true" type="bool" ui="Toggle" defaultvalue="false" argument="-nospringbetweenchain"/>
        <ParamUI name="Output PDB" interactable="true" type="string" ui="InputField" defaultvalue="out.pdb" argument="-pdbout"/>
        <ParamUI name="Output PQR" interactable="true" type="string" ui="InputField" defaultvalue="" argument="-prqout"/>
    </Category>
</DataType>