<DataType name="pdb2pdbconectParameters" tag="Untagged">
    <Category name="Positional">
        <ParamUI name="Input PDB" interactable="true" type="string" ui="Dropdown" defaultvalue="" options="*.pdb" argument="-pdb"/>
        <ParamUI name="Output PDB CONECT" interactable="true" type="string" ui="InputField" defaultvalue="model_tmp_conect.pdb" argument="-pdbconect"/>
    </Category>
    <Category name="Optional">
        <ParamUI name="GRP file" interactable="true" type="string" ui="Dropdown" defaultvalue="" options="*.grp" argument="-grp"/>
        <ParamUI name="Forcefield file" interactable="true" type="string" ui="Dropdown" defaultvalue="" options="*.ff" argument="-ff"/>
        <ParamUI name="Spring cutoff" interactable="true" type="float" ui="InputField" defaultvalue="9.0" argument="-springcutoff"/>
        <ParamUI name="Enable Probe" interactable="true" type="bool" ui="Toggle" defaultvalue="false" argument="-enableprobe"/>
        <ParamUI name="No spring between chain" interactable="true" type="bool" ui="Toggle" defaultvalue="false" argument="-nospringbetweenchain"/>
    </Category>
</DataType>